Club,Stars,Source
1. FC Heidenheim,3.5,https://www.fifagamenews.com/fc-26-team-star-ratings/
1. FC Kaiserslautern,3.0,https://www.fifagamenews.com/fc-26-team-star-ratings/
1. FC Köln,3.5,https://www.fifagamenews.com/fc-26-team-star-ratings/
1. FC Köln (W),3.5,https://www.fifagamenews.com/fc-26-team-star-ratings/
1. FC Magdeburg,2.5,https://www.fifagamenews.com/fc-26-team-star-ratings/
1. FC Nürnberg,2.5,https://www.fifagamenews.com/fc-26-team-star-ratings/
1. FC Nürnberg (W),3.0,https://www.fifagamenews.com/fc-26-team-star-ratings/
1. FC Saarbrücken,2.0,https://www.fifagamenews.com/fc-26-team-star-ratings/
1. FC Schweinfurt,1.5,https://www.fifagamenews.com/fc-26-team-star-ratings/
1899 Hoffenheim,4.0,https://www.fifagamenews.com/fc-26-team-star-ratings/
1899 Hoffenheim (W),3.5,https://www.fifagamenews.com/fc-26-team-star-ratings/
Aarhus GF,3.0,https://www.fifagamenews.com/fc-26-team-star-ratings/
Aberdeen,2.5,https://www.fifagamenews.com/fc-26-team-star-ratings/
Accrington Stanley,0.5,https://www.fifagamenews.com/fc-26-team-star-ratings/
Adelaide United,1.0,https://www.fifagamenews.com/fc-26-team-star-ratings/
AFC Wimbledon,1.0,https://www.fifagamenews.com/fc-26-team-star-ratings/
AIK,2.5,https://www.fifagamenews.com/fc-26-team-star-ratings/
Ajax,4.0,https://www.fifagamenews.com/fc-26-team-star-ratings/
Al Ahli,3.5,https://www.fifagamenews.com/fc-26-team-star-ratings/
Al Fayha,1.5,https://www.fifagamenews.com/fc-26-team-star-ratings/
Al Hazem,0.5,https://www.fifagamenews.com/fc-26-team-star-ratings/
Al Hilal,4.0,https://www.fifagamenews.com/fc-26-team-star-ratings/
Al Ittihad,4.0,https://www.fifagamenews.com/fc-26-team-star-ratings/
Al Khaleej,2.0,https://www.fifagamenews.com/fc-26-team-star-ratings/
Al Najma,1.0,https://www.fifagamenews.com/fc-26-team-star-ratings/
Al Nassr,4.0,https://www.fifagamenews.com/fc-26-team-star-ratings/
Al Okhdood,1.5,https://www.fifagamenews.com/fc-26-team-star-ratings/
Al Riyadh,1.5,https://www.fifagamenews.com/fc-26-team-star-ratings/
Al Shabab,2.0,https://www.fifagamenews.com/fc-26-team-star-ratings/
Al Taawoun,3.0,https://www.fifagamenews.com/fc-26-team-star-ratings/
Al-Fateh,1.5,https://www.fifagamenews.com/fc-26-team-star-ratings/
Al-Kholood,1.0,https://www.fifagamenews.com/fc-26-team-star-ratings/
Al-Qadsiah,3.5,https://www.fifagamenews.com/fc-26-team-star-ratings/
Alanyaspor,3.0,https://www.fifagamenews.com/fc-26-team-star-ratings/
Alavés,3.5,https://www.fifagamenews.com/fc-26-team-star-ratings/
Albacete,2.5,https://www.fifagamenews.com/fc-26-team-star-ratings/
Aldovidi,2.5,https://www.fifagamenews.com/fc-26-team-star-ratings/
Alemannia Aachen,1.5,https://www.fifagamenews.com/fc-26-team-star-ratings/
Alhama (W),2.0,https://www.fifagamenews.com/fc-26-team-star-ratings/
Almería,3.5,https://www.fifagamenews.com/fc-26-team-star-ratings/
Alverca,2.0,https://www.fifagamenews.com/fc-26-team-star-ratings/
Amiens SC,1.5,https://www.fifagamenews.com/fc-26-team-star-ratings/
Andorra,2.0,https://www.fifagamenews.com/fc-26-team-star-ratings/
Angel City (W),4.0,https://www.fifagamenews.com/fc-26-team-star-ratings/
Angers SCO,3.5,https://www.fifagamenews.com/fc-26-team-star-ratings/
Antalyaspor,2.5,https://www.fifagamenews.com/fc-26-team-star-ratings/
Argentinos Jrs,3.5,https://www.fifagamenews.com/fc-26-team-star-ratings/
Argeș Pitești,1.5,https://www.fifagamenews.com/fc-26-team-star-ratings/
Arka Gdynia,1.5,https://www.fifagamenews.com/fc-26-team-star-ratings/
Arminia Bielefeld,2.0,https://www.fifagamenews.com/fc-26-team-star-ratings/
Arouca,3.0,https://www.fifagamenews.com/fc-26-team-star-ratings/
Arsenal,5.0,https://www.fifagamenews.com/fc-26-team-star-ratings/
Arsenal (W),5.0,https://www.fifagamenews.com/fc-26-team-star-ratings/
AS Monaco,4.0,https://www.fifagamenews.com/fc-26-team-star-ratings/
AS Roma,4.5,https://www.fifagamenews.com/fc-26-team-star-ratings/
AS Saint-Étienne,3.0,https://www.fifagamenews.com/fc-26-team-star-ratings/
AS Saint-Étienne,3.0,https://www.fifagamenews.com/fc-26-team-star-ratings/
Aston Villa,4.5,https://www.fifagamenews.com/fc-26-team-star-ratings/
Aston Villa (W),4.0,https://www.fifagamenews.com/fc-26-team-star-ratings/
Atalanta,4.5,https://www.fifagamenews.com/fc-26-team-star-ratings/
Athletic Bilbao,4.5,https://www.fifagamenews.com/fc-26-team-star-ratings/
Athletic Bilbao (W),4.0,https://www.fifagamenews.com/fc-26-team-star-ratings/
ATK Mohun Bagan,1.5,https://www.fifagamenews.com/fc-26-team-star-ratings/
Atlanta United,3.0,https://www.fifagamenews.com/fc-26-team-star-ratings/
Atlético Madrid,4.5,https://www.fifagamenews.com/fc-26-team-star-ratings/
Atlético Madrid (W),4.0,https://www.fifagamenews.com/fc-26-team-star-ratings/
Atlético Tucumán,3.0,https://www.fifagamenews.com/fc-26-team-star-ratings/
Auckland FC,1.5,https://www.fifagamenews.com/fc-26-team-star-ratings/
Austin FC,3.0,https://www.fifagamenews.com/fc-26-team-star-ratings/
Auxerre,3.5,https://www.fifagamenews.com/fc-26-team-star-ratings/
Avelino,2.0,https://www.fifagamenews.com/fc-26-team-star-ratings/
AVS,2.5,https://www.fifagamenews.com/fc-26-team-star-ratings/
AZ,3.5,https://www.fifagamenews.com/fc-26-team-star-ratings/
Banfield,3.0,https://www.fifagamenews.com/fc-26-team-star-ratings/
Bari,2.5,https://www.fifagamenews.com/fc-26-team-star-ratings/
Barnet,1.0,https://www.fifagamenews.com/fc-26-team-star-ratings/
Barnsley,2.0,https://www.fifagamenews.com/fc-26-team-star-ratings/
Barracas Central,3.0,https://www.fifagamenews.com/fc-26-team-star-ratings/
Barrow,1.0,https://www.fifagamenews.com/fc-26-team-star-ratings/
Bay FC (W),3.5,https://www.fifagamenews.com/fc-26-team-star-ratings/
Bayer Leverkusen,4.5,https://www.fifagamenews.com/fc-26-team-star-ratings/
Bayer Leverkusen (W),4.0,https://www.fifagamenews.com/fc-26-team-star-ratings/
Bayern,5.0,https://www.fifagamenews.com/fc-26-team-star-ratings/
Bayern (W),5.0,https://www.fifagamenews.com/fc-26-team-star-ratings/
Beauleroix FC,2.0,https://www.fifagamenews.com/fc-26-team-star-ratings/
Beijing Sinobo Guoan,2.5,https://www.fifagamenews.com/fc-26-team-star-ratings/
Belgrano,3.5,https://www.fifagamenews.com/fc-26-team-star-ratings/
Bengaluru FC,0.5,https://www.fifagamenews.com/fc-26-team-star-ratings/
Beşiktaş Istanbul,4.0,https://www.fifagamenews.com/fc-26-team-star-ratings/
Birmingham City,3.5,https://www.fifagamenews.com/fc-26-team-star-ratings/
BK Häcken,2.5,https://www.fifagamenews.com/fc-26-team-star-ratings/
Blackburn Rovers,3.0,https://www.fifagamenews.com/fc-26-team-star-ratings/
Blackpool,2.0,https://www.fifagamenews.com/fc-26-team-star-ratings/
Blau-Weiss Linz,2.0,https://www.fifagamenews.com/fc-26-team-star-ratings/
Boca Juniors,4.0,https://www.fifagamenews.com/fc-26-team-star-ratings/
Bodø/Glimt,3.0,https://www.fifagamenews.com/fc-26-team-star-ratings/
Bohemians,1.0,https://www.fifagamenews.com/fc-26-team-star-ratings/
Bologna,4.0,https://www.fifagamenews.com/fc-26-team-star-ratings/
Bolton Wanderers,2.0,https://www.fifagamenews.com/fc-26-team-star-ratings/
Borussia Dortmund,4.5,https://www.fifagamenews.com/fc-26-team-star-ratings/
Borussia Mönchengladbach,4.0,https://www.fifagamenews.com/fc-26-team-star-ratings/
Botoșani,2.0,https://www.fifagamenews.com/fc-26-team-star-ratings/
Bournemouth,4.0,https://www.fifagamenews.com/fc-26-team-star-ratings/
Bradford City,1.5,https://www.fifagamenews.com/fc-26-team-star-ratings/
Brentford,4.0,https://www.fifagamenews.com/fc-26-team-star-ratings/
Brighton & Hove Albion,4.0,https://www.fifagamenews.com/fc-26-team-star-ratings/
Brighton & Hove Albion (W),4.0,https://www.fifagamenews.com/fc-26-team-star-ratings/
Brisbane Roar,1.0,https://www.fifagamenews.com/fc-26-team-star-ratings/
Bristol City,3.5,https://www.fifagamenews.com/fc-26-team-star-ratings/
Bristol Rovers,1.5,https://www.fifagamenews.com/fc-26-team-star-ratings/
Bromley,1.0,https://www.fifagamenews.com/fc-26-team-star-ratings/
Bruk-Bet Termalica,1.5,https://www.fifagamenews.com/fc-26-team-star-ratings/
Bryne,1.5,https://www.fifagamenews.com/fc-26-team-star-ratings/
Brøndby IF,2.5,https://www.fifagamenews.com/fc-26-team-star-ratings/
BSC Young Boys,3.5,https://www.fifagamenews.com/fc-26-team-star-ratings/
Burgos,2.5,https://www.fifagamenews.com/fc-26-team-star-ratings/
Burnley,3.5,https://www.fifagamenews.com/fc-26-team-star-ratings/
Burton Albion,1.5,https://www.fifagamenews.com/fc-26-team-star-ratings/
Cádiz,3.0,https://www.fifagamenews.com/fc-26-team-star-ratings/
Cagliari,3.5,https://www.fifagamenews.com/fc-26-team-star-ratings/
Cambridge United,1.5,https://www.fifagamenews.com/fc-26-team-star-ratings/
Cardiff City,2.5,https://www.fifagamenews.com/fc-26-team-star-ratings/
Carl Zeiss Jena (W),3.0,https://www.fifagamenews.com/fc-26-team-star-ratings/
Carrarese Calcio,2.5,https://www.fifagamenews.com/fc-26-team-star-ratings/
Casa Pia,3.0,https://www.fifagamenews.com/fc-26-team-star-ratings/
Castellón,2.5,https://www.fifagamenews.com/fc-26-team-star-ratings/
Catanzaro,2.5,https://www.fifagamenews.com/fc-26-team-star-ratings/
Çaykur Rizespor,3.0,https://www.fifagamenews.com/fc-26-team-star-ratings/
CD Nacional,2.5,https://www.fifagamenews.com/fc-26-team-star-ratings/
Celta Vigo,4.0,https://www.fifagamenews.com/fc-26-team-star-ratings/
Celtic,4.0,https://www.fifagamenews.com/fc-26-team-star-ratings/
Central Coast Mariners,1.0,https://www.fifagamenews.com/fc-26-team-star-ratings/
Central Córdoba,3.0,https://www.fifagamenews.com/fc-26-team-star-ratings/
Cercle Brugge,2.5,https://www.fifagamenews.com/fc-26-team-star-ratings/
Cesena,2.0,https://www.fifagamenews.com/fc-26-team-star-ratings/
Ceuta,2.0,https://www.fifagamenews.com/fc-26-team-star-ratings/
CF Montréal,2.0,https://www.fifagamenews.com/fc-26-team-star-ratings/
CFR Cluj,2.5,https://www.fifagamenews.com/fc-26-team-star-ratings/
Changchun Yatai,1.0,https://www.fifagamenews.com/fc-26-team-star-ratings/
Charleroi,3.0,https://www.fifagamenews.com/fc-26-team-star-ratings/
Charlotte FC,3.0,https://www.fifagamenews.com/fc-26-team-star-ratings/
Charlton Athletic,2.5,https://www.fifagamenews.com/fc-26-team-star-ratings/
Chelsea,4.5,https://www.fifagamenews.com/fc-26-team-star-ratings/
Chelsea (W),5.0,https://www.fifagamenews.com/fc-26-team-star-ratings/
Cheltenham Town,1.0,https://www.fifagamenews.com/fc-26-team-star-ratings/
Chengdu Rongcheng,2.0,https://www.fifagamenews.com/fc-26-team-star-ratings/
Chennaiyin FC,0.5,https://www.fifagamenews.com/fc-26-team-star-ratings/
Chesterfield,1.0,https://www.fifagamenews.com/fc-26-team-star-ratings/
Chicago Fire,3.0,https://www.fifagamenews.com/fc-26-team-star-ratings/
Chicago Red Stars (W),4.0,https://www.fifagamenews.com/fc-26-team-star-ratings/
Clermont Foot,2.0,https://www.fifagamenews.com/fc-26-team-star-ratings/
Club Brugge,3.5,https://www.fifagamenews.com/fc-26-team-star-ratings/
Colchester United,1.0,https://www.fifagamenews.com/fc-26-team-star-ratings/
Colorado Rapids,2.5,https://www.fifagamenews.com/fc-26-team-star-ratings/
Columbus Crew SC,3.0,https://www.fifagamenews.com/fc-26-team-star-ratings/
Como,4.0,https://www.fifagamenews.com/fc-26-team-star-ratings/
Córdoba CF,3.0,https://www.fifagamenews.com/fc-26-team-star-ratings/
Cork City,0.5,https://www.fifagamenews.com/fc-26-team-star-ratings/
Coventry City,3.5,https://www.fifagamenews.com/fc-26-team-star-ratings/
Cracovia,2.5,https://www.fifagamenews.com/fc-26-team-star-ratings/
Crawley Town,1.0,https://www.fifagamenews.com/fc-26-team-star-ratings/
Cremonese,3.5,https://www.fifagamenews.com/fc-26-team-star-ratings/
Crewe Alexandra,1.0,https://www.fifagamenews.com/fc-26-team-star-ratings/
Crystal Palace,4.0,https://www.fifagamenews.com/fc-26-team-star-ratings/
Csíkszereda Ciuc,1.0,https://www.fifagamenews.com/fc-26-team-star-ratings/
Cultural Leonesa,2.0,https://www.fifagamenews.com/fc-26-team-star-ratings/
D.C. United,2.5,https://www.fifagamenews.com/fc-26-team-star-ratings/
Daegu FC,2.0,https://www.fifagamenews.com/fc-26-team-star-ratings/
Daejeon Citizen,2.5,https://www.fifagamenews.com/fc-26-team-star-ratings/
Dalian Yingbo,1.5,https://www.fifagamenews.com/fc-26-team-star-ratings/
Damac,1.0,https://www.fifagamenews.com/fc-26-team-star-ratings/
Darmstadt 98,3.0,https://www.fifagamenews.com/fc-26-team-star-ratings/
Defensa y Justicia,3.0,https://www.fifagamenews.com/fc-26-team-star-ratings/
Degerfors IF,1.5,https://www.fifagamenews.com/fc-26-team-star-ratings/
Dender EH,2.5,https://www.fifagamenews.com/fc-26-team-star-ratings/
Deportivo Abanca (W),3.5,https://www.fifagamenews.com/fc-26-team-star-ratings/
Deportivo La Coruña,3.0,https://www.fifagamenews.com/fc-26-team-star-ratings/
Deportivo Riestra,2.0,https://www.fifagamenews.com/fc-26-team-star-ratings/
Derby County,3.0,https://www.fifagamenews.com/fc-26-team-star-ratings/
Derry City,1.0,https://www.fifagamenews.com/fc-26-team-star-ratings/
Dijon,3.5,https://www.fifagamenews.com/fc-26-team-star-ratings/
Dinamo Bucuresti,2.5,https://www.fifagamenews.com/fc-26-team-star-ratings/
Djurgårdens IF,2.5,https://www.fifagamenews.com/fc-26-team-star-ratings/
Doncaster,1.5,https://www.fifagamenews.com/fc-26-team-star-ratings/
Drogheda,0.5,https://www.fifagamenews.com/fc-26-team-star-ratings/
Dundee,1.0,https://www.fifagamenews.com/fc-26-team-star-ratings/
Dundee United,1.5,https://www.fifagamenews.com/fc-26-team-star-ratings/
DUX Logroño (W),1.5,https://www.fifagamenews.com/fc-26-team-star-ratings/
Dynamo Dresden,2.5,https://www.fifagamenews.com/fc-26-team-star-ratings/
East Bengal,0.5,https://www.fifagamenews.com/fc-26-team-star-ratings/
Eibar,3.0,https://www.fifagamenews.com/fc-26-team-star-ratings/
Eintracht Braunschweig,2.5,https://www.fifagamenews.com/fc-26-team-star-ratings/
Eintracht Frankfurt,4.0,https://www.fifagamenews.com/fc-26-team-star-ratings/
Eintracht Frankfurt (W),4.0,https://www.fifagamenews.com/fc-26-team-star-ratings/
Elche,3.0,https://www.fifagamenews.com/fc-26-team-star-ratings/
Empoli,2.5,https://www.fifagamenews.com/fc-26-team-star-ratings/
En Avant Guingamp,2.5,https://www.fifagamenews.com/fc-26-team-star-ratings/
Energie Cottbus,1.5,https://www.fifagamenews.com/fc-26-team-star-ratings/
Erzgebirge Aue,1.5,https://www.fifagamenews.com/fc-26-team-star-ratings/
Espanyol,3.5,https://www.fifagamenews.com/fc-26-team-star-ratings/
Espanyol (W),3.0,https://www.fifagamenews.com/fc-26-team-star-ratings/
Estoril,3.0,https://www.fifagamenews.com/fc-26-team-star-ratings/
Estrela Amadora,2.5,https://www.fifagamenews.com/fc-26-team-star-ratings/
Estudiantes,3.5,https://www.fifagamenews.com/fc-26-team-star-ratings/
Ettifaq FC,3.0,https://www.fifagamenews.com/fc-26-team-star-ratings/
Everton,4.0,https://www.fifagamenews.com/fc-26-team-star-ratings/
Everton (W),4.0,https://www.fifagamenews.com/fc-26-team-star-ratings/
Excelsior,2.0,https://www.fifagamenews.com/fc-26-team-star-ratings/
Exeter City,1.5,https://www.fifagamenews.com/fc-26-team-star-ratings/
Eyüpspor,3.5,https://www.fifagamenews.com/fc-26-team-star-ratings/
Falkirk,1.0,https://www.fifagamenews.com/fc-26-team-star-ratings/
Famalicão,3.0,https://www.fifagamenews.com/fc-26-team-star-ratings/
Farul Constanța,2.0,https://www.fifagamenews.com/fc-26-team-star-ratings/
Fatih Karagümrük,2.0,https://www.fifagamenews.com/fc-26-team-star-ratings/
FC Annecy,2.0,https://www.fifagamenews.com/fc-26-team-star-ratings/
FC Anyang,2.0,https://www.fifagamenews.com/fc-26-team-star-ratings/
FC Augsburg,4.0,https://www.fifagamenews.com/fc-26-team-star-ratings/
FC Barcelona,5.0,https://www.fifagamenews.com/fc-26-team-star-ratings/
FC Barcelona (W),5.0,https://www.fifagamenews.com/fc-26-team-star-ratings/
FC Basel,3.5,https://www.fifagamenews.com/fc-26-team-star-ratings/
FC Cincinnati,3.5,https://www.fifagamenews.com/fc-26-team-star-ratings/
FC Dallas,2.5,https://www.fifagamenews.com/fc-26-team-star-ratings/
FC Goa,1.0,https://www.fifagamenews.com/fc-26-team-star-ratings/
FC Hermannstadt,2.0,https://www.fifagamenews.com/fc-26-team-star-ratings/
FC Ingolstadt 04,1.5,https://www.fifagamenews.com/fc-26-team-star-ratings/
FC København,3.5,https://www.fifagamenews.com/fc-26-team-star-ratings/
FC Lausanne-Sport,2.5,https://www.fifagamenews.com/fc-26-team-star-ratings/
FC Lorient,3.5,https://www.fifagamenews.com/fc-26-team-star-ratings/
FC Lugano,3.0,https://www.fifagamenews.com/fc-26-team-star-ratings/
FC Luzern,2.5,https://www.fifagamenews.com/fc-26-team-star-ratings/
FC Metz,3.0,https://www.fifagamenews.com/fc-26-team-star-ratings/
FC Midtjylland,3.5,https://www.fifagamenews.com/fc-26-team-star-ratings/
FC Nantes,3.5,https://www.fifagamenews.com/fc-26-team-star-ratings/
FC Nordsjælland,2.5,https://www.fifagamenews.com/fc-26-team-star-ratings/
FC Petrolul,2.0,https://www.fifagamenews.com/fc-26-team-star-ratings/
FC Porto,4.0,https://www.fifagamenews.com/fc-26-team-star-ratings/
FC Red Bull Salzburg,3.5,https://www.fifagamenews.com/fc-26-team-star-ratings/
FC Schalke 04,2.5,https://www.fifagamenews.com/fc-26-team-star-ratings/
FC Seoul,2.5,https://www.fifagamenews.com/fc-26-team-star-ratings/
FC Sion,2.5,https://www.fifagamenews.com/fc-26-team-star-ratings/
FC St. Gallen,3.0,https://www.fifagamenews.com/fc-26-team-star-ratings/
FC St. Pauli,3.5,https://www.fifagamenews.com/fc-26-team-star-ratings/
FC Utrecht,3.5,https://www.fifagamenews.com/fc-26-team-star-ratings/
FC Viktoria Koln,1.5,https://www.fifagamenews.com/fc-26-team-star-ratings/
FC Volendam,2.0,https://www.fifagamenews.com/fc-26-team-star-ratings/
FC Winterthur,1.5,https://www.fifagamenews.com/fc-26-team-star-ratings/
FC Zürich,2.0,https://www.fifagamenews.com/fc-26-team-star-ratings/
FCSB,3.0,https://www.fifagamenews.com/fc-26-team-star-ratings/
Fenerbahçe Istanbul,4.0,https://www.fifagamenews.com/fc-26-team-star-ratings/
Feyenoord,4.0,https://www.fifagamenews.com/fc-26-team-star-ratings/
Fiorentina,4.0,https://www.fifagamenews.com/fc-26-team-star-ratings/
FK Austria Wien,3.0,https://www.fifagamenews.com/fc-26-team-star-ratings/
Fleetwood Town,1.0,https://www.fifagamenews.com/fc-26-team-star-ratings/
Fleury,4.0,https://www.fifagamenews.com/fc-26-team-star-ratings/
Fortuna Düsseldorf,3.0,https://www.fifagamenews.com/fc-26-team-star-ratings/
Fortuna Sittard,2.5,https://www.fifagamenews.com/fc-26-team-star-ratings/
Fredericia,1.0,https://www.fifagamenews.com/fc-26-team-star-ratings/
Fredrikstad,2.0,https://www.fifagamenews.com/fc-26-team-star-ratings/
Frosione,2.0,https://www.fifagamenews.com/fc-26-team-star-ratings/
Fulham,4.0,https://www.fifagamenews.com/fc-26-team-star-ratings/
GAIS,2.0,https://www.fifagamenews.com/fc-26-team-star-ratings/
Galatasaray Istanbul,4.5,https://www.fifagamenews.com/fc-26-team-star-ratings/
Galway United,0.5,https://www.fifagamenews.com/fc-26-team-star-ratings/
Gangwon FC,2.0,https://www.fifagamenews.com/fc-26-team-star-ratings/
Gazişehir Gaziantep FK,3.0,https://www.fifagamenews.com/fc-26-team-star-ratings/
Gençlerbirliği,2.5,https://www.fifagamenews.com/fc-26-team-star-ratings/
Genk,3.5,https://www.fifagamenews.com/fc-26-team-star-ratings/
Genoa,3.5,https://www.fifagamenews.com/fc-26-team-star-ratings/
Gent,3.0,https://www.fifagamenews.com/fc-26-team-star-ratings/
Getafe,4.0,https://www.fifagamenews.com/fc-26-team-star-ratings/
Gil Vicente,3.0,https://www.fifagamenews.com/fc-26-team-star-ratings/
Gillingham,1.0,https://www.fifagamenews.com/fc-26-team-star-ratings/
Gimcheon Sangmu,2.0,https://www.fifagamenews.com/fc-26-team-star-ratings/
Gimnasia,3.0,https://www.fifagamenews.com/fc-26-team-star-ratings/
Girona,4.0,https://www.fifagamenews.com/fc-26-team-star-ratings/
GKS Katowic,2.0,https://www.fifagamenews.com/fc-26-team-star-ratings/
Go Ahead Eagles,3.0,https://www.fifagamenews.com/fc-26-team-star-ratings/
Godoy Cruz,3.0,https://www.fifagamenews.com/fc-26-team-star-ratings/
Górnik Zabrze,2.5,https://www.fifagamenews.com/fc-26-team-star-ratings/
Göztepe,2.5,https://www.fifagamenews.com/fc-26-team-star-ratings/
Granada,2.5,https://www.fifagamenews.com/fc-26-team-star-ratings/
Granada (W),3.0,https://www.fifagamenews.com/fc-26-team-star-ratings/
Grasshopper,1.5,https://www.fifagamenews.com/fc-26-team-star-ratings/
Grazer AK,1.5,https://www.fifagamenews.com/fc-26-team-star-ratings/
Grenoble Foot 38,2.0,https://www.fifagamenews.com/fc-26-team-star-ratings/
Greuther Fürth,2.5,https://www.fifagamenews.com/fc-26-team-star-ratings/
Grimsby Town,1.0,https://www.fifagamenews.com/fc-26-team-star-ratings/
Groningen,2.0,https://www.fifagamenews.com/fc-26-team-star-ratings/
Gwangju,1.5,https://www.fifagamenews.com/fc-26-team-star-ratings/
Halmstads BK,1.5,https://www.fifagamenews.com/fc-26-team-star-ratings/
Hamarkameratene,1.5,https://www.fifagamenews.com/fc-26-team-star-ratings/
Hamburger SV,3.5,https://www.fifagamenews.com/fc-26-team-star-ratings/
Hamburger SV (W),3.0,https://www.fifagamenews.com/fc-26-team-star-ratings/
Hammarby IF,2.5,https://www.fifagamenews.com/fc-26-team-star-ratings/
Hannover 96,3.0,https://www.fifagamenews.com/fc-26-team-star-ratings/
Hansa Rostock,2.0,https://www.fifagamenews.com/fc-26-team-star-ratings/
Harrogate Town,1.0,https://www.fifagamenews.com/fc-26-team-star-ratings/
Haugesund,1.5,https://www.fifagamenews.com/fc-26-team-star-ratings/
Havre AC,3.0,https://www.fifagamenews.com/fc-26-team-star-ratings/
Heart of Midlothian,2.5,https://www.fifagamenews.com/fc-26-team-star-ratings/
Hellas Verona,3.5,https://www.fifagamenews.com/fc-26-team-star-ratings/
Henan Jianye,1.0,https://www.fifagamenews.com/fc-26-team-star-ratings/
Heracles Almelo,2.0,https://www.fifagamenews.com/fc-26-team-star-ratings/
Hertha BSC,3.0,https://www.fifagamenews.com/fc-26-team-star-ratings/
Hibernian,2.5,https://www.fifagamenews.com/fc-26-team-star-ratings/
Holstein Kiel,3.0,https://www.fifagamenews.com/fc-26-team-star-ratings/
Houston Dash (W),4.0,https://www.fifagamenews.com/fc-26-team-star-ratings/
Houston Dynamo,2.5,https://www.fifagamenews.com/fc-26-team-star-ratings/
Huddersfield Town,2.5,https://www.fifagamenews.com/fc-26-team-star-ratings/
Huesca,2.5,https://www.fifagamenews.com/fc-26-team-star-ratings/
Hull City,3.0,https://www.fifagamenews.com/fc-26-team-star-ratings/
Huracán,3.5,https://www.fifagamenews.com/fc-26-team-star-ratings/
Hyderabad FC,0.5,https://www.fifagamenews.com/fc-26-team-star-ratings/
IF Brommapojkarna,2.0,https://www.fifagamenews.com/fc-26-team-star-ratings/
IF Elfsborg,2.5,https://www.fifagamenews.com/fc-26-team-star-ratings/
IFK Göteborg,2.0,https://www.fifagamenews.com/fc-26-team-star-ratings/
IFK Norrköping,2.0,https://www.fifagamenews.com/fc-26-team-star-ratings/
IFK Värnamo,1.5,https://www.fifagamenews.com/fc-26-team-star-ratings/
IK Sirius,2.0,https://www.fifagamenews.com/fc-26-team-star-ratings/
Independiente,3.5,https://www.fifagamenews.com/fc-26-team-star-ratings/
Independiente Rivadavia,3.0,https://www.fifagamenews.com/fc-26-team-star-ratings/
Instituto,3.0,https://www.fifagamenews.com/fc-26-team-star-ratings/
Inter,5.0,https://www.fifagamenews.com/fc-26-team-star-ratings/
Inter Miami CF,3.5,https://www.fifagamenews.com/fc-26-team-star-ratings/
Ipswich Town,3.5,https://www.fifagamenews.com/fc-26-team-star-ratings/
Istanbul Başakşehir FK,3.5,https://www.fifagamenews.com/fc-26-team-star-ratings/
Jagiellonia Białystok,2.5,https://www.fifagamenews.com/fc-26-team-star-ratings/
Jahn Regensburg,1.5,https://www.fifagamenews.com/fc-26-team-star-ratings/
Jamshedpur FC,0.5,https://www.fifagamenews.com/fc-26-team-star-ratings/
Jeju United,2.0,https://www.fifagamenews.com/fc-26-team-star-ratings/
Jeonbuk Hyundai Motors,2.5,https://www.fifagamenews.com/fc-26-team-star-ratings/
Juventus,4.5,https://www.fifagamenews.com/fc-26-team-star-ratings/
Kansas City Current (W),4.5,https://www.fifagamenews.com/fc-26-team-star-ratings/
Karlsruher SC,2.5,https://www.fifagamenews.com/fc-26-team-star-ratings/
Kasımpaşa Istanbul,2.5,https://www.fifagamenews.com/fc-26-team-star-ratings/
Kayserispor,2.0,https://www.fifagamenews.com/fc-26-team-star-ratings/
Kerala Blasters,0.5,https://www.fifagamenews.com/fc-26-team-star-ratings/
KFUM Oslo,1.5,https://www.fifagamenews.com/fc-26-team-star-ratings/
Kilmarnock,1.5,https://www.fifagamenews.com/fc-26-team-star-ratings/
Kocaelispor,2.5,https://www.fifagamenews.com/fc-26-team-star-ratings/
Konyaspor,3.0,https://www.fifagamenews.com/fc-26-team-star-ratings/
Korona Kielce,2.0,https://www.fifagamenews.com/fc-26-team-star-ratings/
Kristiansund,1.5,https://www.fifagamenews.com/fc-26-team-star-ratings/
KV Westerlo,3.0,https://www.fifagamenews.com/fc-26-team-star-ratings/
LA Galaxy,3.0,https://www.fifagamenews.com/fc-26-team-star-ratings/
La Louvière,2.0,https://www.fifagamenews.com/fc-26-team-star-ratings/
Lanús,3.5,https://www.fifagamenews.com/fc-26-team-star-ratings/
Las Palmas,3.5,https://www.fifagamenews.com/fc-26-team-star-ratings/
LASK,2.5,https://www.fifagamenews.com/fc-26-team-star-ratings/
Laval MFC,2.5,https://www.fifagamenews.com/fc-26-team-star-ratings/
Lazio,4.5,https://www.fifagamenews.com/fc-26-team-star-ratings/
Le Havre,3.5,https://www.fifagamenews.com/fc-26-team-star-ratings/
Le Mans,1.5,https://www.fifagamenews.com/fc-26-team-star-ratings/
Lecce,3.5,https://www.fifagamenews.com/fc-26-team-star-ratings/
Lech Poznań,3.0,https://www.fifagamenews.com/fc-26-team-star-ratings/
Lechia Gdańsk,2.0,https://www.fifagamenews.com/fc-26-team-star-ratings/
Leeds United,4.0,https://www.fifagamenews.com/fc-26-team-star-ratings/
Leganés,3.0,https://www.fifagamenews.com/fc-26-team-star-ratings/
Legia Warszawa,3.0,https://www.fifagamenews.com/fc-26-team-star-ratings/
Leicester City,3.5,https://www.fifagamenews.com/fc-26-team-star-ratings/
Leicester City (W),3.5,https://www.fifagamenews.com/fc-26-team-star-ratings/
Leuven,3.0,https://www.fifagamenews.com/fc-26-team-star-ratings/
Levante,3.5,https://www.fifagamenews.com/fc-26-team-star-ratings/
Levante Badalona (W),3.5,https://www.fifagamenews.com/fc-26-team-star-ratings/
Levante UD (W),3.0,https://www.fifagamenews.com/fc-26-team-star-ratings/
Leyton Orient,2.0,https://www.fifagamenews.com/fc-26-team-star-ratings/
Lincoln City,1.5,https://www.fifagamenews.com/fc-26-team-star-ratings/
Liverpool,5.0,https://www.fifagamenews.com/fc-26-team-star-ratings/
Liverpool (W),3.5,https://www.fifagamenews.com/fc-26-team-star-ratings/
Livingston,1.5,https://www.fifagamenews.com/fc-26-team-star-ratings/
London City Lionesses (W),4.0,https://www.fifagamenews.com/fc-26-team-star-ratings/
Los Angeles FC,3.0,https://www.fifagamenews.com/fc-26-team-star-ratings/
LOSC Lille,4.0,https://www.fifagamenews.com/fc-26-team-star-ratings/
Luton Town,3.0,https://www.fifagamenews.com/fc-26-team-star-ratings/
Macarthur FC,1.0,https://www.fifagamenews.com/fc-26-team-star-ratings/
Madrid CFF (W),3.5,https://www.fifagamenews.com/fc-26-team-star-ratings/
Mainz 05,4.0,https://www.fifagamenews.com/fc-26-team-star-ratings/
Málaga,2.5,https://www.fifagamenews.com/fc-26-team-star-ratings/
Mallorca,4.0,https://www.fifagamenews.com/fc-26-team-star-ratings/
Malmö FF,3.0,https://www.fifagamenews.com/fc-26-team-star-ratings/
Manchester City,5.0,https://www.fifagamenews.com/fc-26-team-star-ratings/
Manchester City (W),4.5,https://www.fifagamenews.com/fc-26-team-star-ratings/
Manchester United,4.5,https://www.fifagamenews.com/fc-26-team-star-ratings/
Manchester United (W),4.5,https://www.fifagamenews.com/fc-26-team-star-ratings/
Mansfield Town,1.5,https://www.fifagamenews.com/fc-26-team-star-ratings/
Mantova,2.5,https://www.fifagamenews.com/fc-26-team-star-ratings/
Mechelen,3.0,https://www.fifagamenews.com/fc-26-team-star-ratings/
Meizhou Hakka,1.0,https://www.fifagamenews.com/fc-26-team-star-ratings/
Melbourne City,1.5,https://www.fifagamenews.com/fc-26-team-star-ratings/
Melbourne Victory,1.5,https://www.fifagamenews.com/fc-26-team-star-ratings/
Metaloglobus București,1.0,https://www.fifagamenews.com/fc-26-team-star-ratings/
Middlesbrough,3.5,https://www.fifagamenews.com/fc-26-team-star-ratings/
Milan,4.5,https://www.fifagamenews.com/fc-26-team-star-ratings/
Millwall,3.0,https://www.fifagamenews.com/fc-26-team-star-ratings/
Milton Keynes Dons,1.5,https://www.fifagamenews.com/fc-26-team-star-ratings/
Minnesota United FC,3.0,https://www.fifagamenews.com/fc-26-team-star-ratings/
Mirandés,1.5,https://www.fifagamenews.com/fc-26-team-star-ratings/
Mjällby AI,2.5,https://www.fifagamenews.com/fc-26-team-star-ratings/
Modena,3.0,https://www.fifagamenews.com/fc-26-team-star-ratings/
Mohammedan,0.5,https://www.fifagamenews.com/fc-26-team-star-ratings/
Molde,3.0,https://www.fifagamenews.com/fc-26-team-star-ratings/
Montpellier HSC,3.5,https://www.fifagamenews.com/fc-26-team-star-ratings/
Montpellier HSC,3.5,https://www.fifagamenews.com/fc-26-team-star-ratings/
Monza,3.5,https://www.fifagamenews.com/fc-26-team-star-ratings/
Moreirense,2.5,https://www.fifagamenews.com/fc-26-team-star-ratings/
Motherwell,2.0,https://www.fifagamenews.com/fc-26-team-star-ratings/
Motor Lublin,2.0,https://www.fifagamenews.com/fc-26-team-star-ratings/
MSV Duisburg,1.5,https://www.fifagamenews.com/fc-26-team-star-ratings/
Mumbai City FC,1.0,https://www.fifagamenews.com/fc-26-team-star-ratings/
NAC Breda,2.0,https://www.fifagamenews.com/fc-26-team-star-ratings/
Nancy,1.5,https://www.fifagamenews.com/fc-26-team-star-ratings/
Nantes,3.5,https://www.fifagamenews.com/fc-26-team-star-ratings/
Napoli,4.5,https://www.fifagamenews.com/fc-26-team-star-ratings/
Nashville SC,3.0,https://www.fifagamenews.com/fc-26-team-star-ratings/
NEC Nijmegen,3.0,https://www.fifagamenews.com/fc-26-team-star-ratings/
Neom,3.0,https://www.fifagamenews.com/fc-26-team-star-ratings/
New England Revolution,3.0,https://www.fifagamenews.com/fc-26-team-star-ratings/
New York City FC,2.5,https://www.fifagamenews.com/fc-26-team-star-ratings/
New York Red Bulls,3.0,https://www.fifagamenews.com/fc-26-team-star-ratings/
Newcastle Jets,1.0,https://www.fifagamenews.com/fc-26-team-star-ratings/
Newcastle United,4.5,https://www.fifagamenews.com/fc-26-team-star-ratings/
Newell’s,3.5,https://www.fifagamenews.com/fc-26-team-star-ratings/
Newport County,0.5,https://www.fifagamenews.com/fc-26-team-star-ratings/
NJ/NY Gotham (W),4.0,https://www.fifagamenews.com/fc-26-team-star-ratings/
North Carolina Courage (W),4.0,https://www.fifagamenews.com/fc-26-team-star-ratings/
Northampton Town,1.5,https://www.fifagamenews.com/fc-26-team-star-ratings/
Northeast United,0.5,https://www.fifagamenews.com/fc-26-team-star-ratings/
Norwich,3.5,https://www.fifagamenews.com/fc-26-team-star-ratings/
Nottingham Forest,4.5,https://www.fifagamenews.com/fc-26-team-star-ratings/
Notts County,1.5,https://www.fifagamenews.com/fc-26-team-star-ratings/
OB Odense,2.0,https://www.fifagamenews.com/fc-26-team-star-ratings/
Odisha FC,1.0,https://www.fifagamenews.com/fc-26-team-star-ratings/
OGC Nice,4.0,https://www.fifagamenews.com/fc-26-team-star-ratings/
OL Lyonnes,5.0,https://www.fifagamenews.com/fc-26-team-star-ratings/
Oldham Athletic,1.0,https://www.fifagamenews.com/fc-26-team-star-ratings/
Olympique de Marseille,4.0,https://www.fifagamenews.com/fc-26-team-star-ratings/
Olympique de Marseille,3.5,https://www.fifagamenews.com/fc-26-team-star-ratings/
Olympique Lyonnais,4.0,https://www.fifagamenews.com/fc-26-team-star-ratings/
Orlando City,3.0,https://www.fifagamenews.com/fc-26-team-star-ratings/
Orlando Pride (W),4.0,https://www.fifagamenews.com/fc-26-team-star-ratings/
Osasuna,4.0,https://www.fifagamenews.com/fc-26-team-star-ratings/
Östers IF,1.5,https://www.fifagamenews.com/fc-26-team-star-ratings/
Otelul Galati,1.5,https://www.fifagamenews.com/fc-26-team-star-ratings/
Oxford United,3.0,https://www.fifagamenews.com/fc-26-team-star-ratings/
Padova,2.5,https://www.fifagamenews.com/fc-26-team-star-ratings/
Palermo,3.5,https://www.fifagamenews.com/fc-26-team-star-ratings/
Paris FC,4.0,https://www.fifagamenews.com/fc-26-team-star-ratings/
Paris FC,3.5,https://www.fifagamenews.com/fc-26-team-star-ratings/
Paris Saint-Germain,5.0,https://www.fifagamenews.com/fc-26-team-star-ratings/
Paris Saint-Germain,4.5,https://www.fifagamenews.com/fc-26-team-star-ratings/
Parma,3.5,https://www.fifagamenews.com/fc-26-team-star-ratings/
Pau FC,2.0,https://www.fifagamenews.com/fc-26-team-star-ratings/
PEC Zwolle,2.0,https://www.fifagamenews.com/fc-26-team-star-ratings/
Perth Glory,1.5,https://www.fifagamenews.com/fc-26-team-star-ratings/
Pescara,2.0,https://www.fifagamenews.com/fc-26-team-star-ratings/
Peterborough,1.5,https://www.fifagamenews.com/fc-26-team-star-ratings/
Philadelphia Union,2.5,https://www.fifagamenews.com/fc-26-team-star-ratings/
Piast Gliwice,2.0,https://www.fifagamenews.com/fc-26-team-star-ratings/
Pisa,3.0,https://www.fifagamenews.com/fc-26-team-star-ratings/
Platense,3.0,https://www.fifagamenews.com/fc-26-team-star-ratings/
Plymouth Argyle,2.0,https://www.fifagamenews.com/fc-26-team-star-ratings/
Pogoń Szczecin,2.5,https://www.fifagamenews.com/fc-26-team-star-ratings/
Pohang Steelers,2.5,https://www.fifagamenews.com/fc-26-team-star-ratings/
Port Vale,1.5,https://www.fifagamenews.com/fc-26-team-star-ratings/
Portland Thorns (W),4.0,https://www.fifagamenews.com/fc-26-team-star-ratings/
Portland Timbers,3.0,https://www.fifagamenews.com/fc-26-team-star-ratings/
Portsmouth,2.5,https://www.fifagamenews.com/fc-26-team-star-ratings/
Preston North End,3.0,https://www.fifagamenews.com/fc-26-team-star-ratings/
Preußen Münster,2.5,https://www.fifagamenews.com/fc-26-team-star-ratings/
PSV,4.0,https://www.fifagamenews.com/fc-26-team-star-ratings/
Punjab FC,0.5,https://www.fifagamenews.com/fc-26-team-star-ratings/
Queens Park Rangers,3.0,https://www.fifagamenews.com/fc-26-team-star-ratings/
Quingdao Hainiu,1.0,https://www.fifagamenews.com/fc-26-team-star-ratings/
Quingdao West Coast,1.0,https://www.fifagamenews.com/fc-26-team-star-ratings/
R.S.C Anderlecht,3.5,https://www.fifagamenews.com/fc-26-team-star-ratings/
Racing Club,3.5,https://www.fifagamenews.com/fc-26-team-star-ratings/
Racing Club de Lens,3.5,https://www.fifagamenews.com/fc-26-team-star-ratings/
Racing Club de Lens,3.0,https://www.fifagamenews.com/fc-26-team-star-ratings/
Racing Louisville (W),4.0,https://www.fifagamenews.com/fc-26-team-star-ratings/
Racing Santander,3.0,https://www.fifagamenews.com/fc-26-team-star-ratings/
Radomiak Radom,2.0,https://www.fifagamenews.com/fc-26-team-star-ratings/
Raków Częstochowa,3.0,https://www.fifagamenews.com/fc-26-team-star-ratings/
Randers FC,2.5,https://www.fifagamenews.com/fc-26-team-star-ratings/
Rangers,3.5,https://www.fifagamenews.com/fc-26-team-star-ratings/
Rapid București,2.5,https://www.fifagamenews.com/fc-26-team-star-ratings/
Rayo Vallecano,4.0,https://www.fifagamenews.com/fc-26-team-star-ratings/
RB Leipzig,4.5,https://www.fifagamenews.com/fc-26-team-star-ratings/
RB Leipzig (W),3.5,https://www.fifagamenews.com/fc-26-team-star-ratings/
RC Strasbourg Alsace,3.5,https://www.fifagamenews.com/fc-26-team-star-ratings/
RC Strasbourg Alsace,3.0,https://www.fifagamenews.com/fc-26-team-star-ratings/
Reading,2.0,https://www.fifagamenews.com/fc-26-team-star-ratings/
Real Betis,4.0,https://www.fifagamenews.com/fc-26-team-star-ratings/
Real Madrid,5.0,https://www.fifagamenews.com/fc-26-team-star-ratings/
Real Madrid (W),4.5,https://www.fifagamenews.com/fc-26-team-star-ratings/
Real Oviedo,3.5,https://www.fifagamenews.com/fc-26-team-star-ratings/
Real Salt Lake,2.5,https://www.fifagamenews.com/fc-26-team-star-ratings/
Real Sociedad,4.0,https://www.fifagamenews.com/fc-26-team-star-ratings/
Real Sociedad (W),4.0,https://www.fifagamenews.com/fc-26-team-star-ratings/
Real Sociedad B,1.5,https://www.fifagamenews.com/fc-26-team-star-ratings/
Red Star FC,2.0,https://www.fifagamenews.com/fc-26-team-star-ratings/
Reggiana,2.0,https://www.fifagamenews.com/fc-26-team-star-ratings/
Rio Ave,3.0,https://www.fifagamenews.com/fc-26-team-star-ratings/
River Plate,4.0,https://www.fifagamenews.com/fc-26-team-star-ratings/
Rodez Averyron,1.5,https://www.fifagamenews.com/fc-26-team-star-ratings/
Rosario Central,3.5,https://www.fifagamenews.com/fc-26-team-star-ratings/
Rosenborg,2.5,https://www.fifagamenews.com/fc-26-team-star-ratings/
Rot-Weiss Essen,2.0,https://www.fifagamenews.com/fc-26-team-star-ratings/
Rot-Weiss Essen (W),3.5,https://www.fifagamenews.com/fc-26-team-star-ratings/
Rotherham United,2.0,https://www.fifagamenews.com/fc-26-team-star-ratings/
Royal Antwerp,3.0,https://www.fifagamenews.com/fc-26-team-star-ratings/
Salford City,1.0,https://www.fifagamenews.com/fc-26-team-star-ratings/
Sampdoria,3.0,https://www.fifagamenews.com/fc-26-team-star-ratings/
Samsunspor,3.5,https://www.fifagamenews.com/fc-26-team-star-ratings/
San Diego,3.0,https://www.fifagamenews.com/fc-26-team-star-ratings/
San Diego Wave (W),4.0,https://www.fifagamenews.com/fc-26-team-star-ratings/
San Jose Earthquakes,3.0,https://www.fifagamenews.com/fc-26-team-star-ratings/
San Lorenzo,3.0,https://www.fifagamenews.com/fc-26-team-star-ratings/
San Martín,2.0,https://www.fifagamenews.com/fc-26-team-star-ratings/
Sandefjord,1.5,https://www.fifagamenews.com/fc-26-team-star-ratings/
Santa Clara,3.0,https://www.fifagamenews.com/fc-26-team-star-ratings/
Sarmiento,3.5,https://www.fifagamenews.com/fc-26-team-star-ratings/
Sarpsborg 08,2.0,https://www.fifagamenews.com/fc-26-team-star-ratings/
Sassuolo,3.5,https://www.fifagamenews.com/fc-26-team-star-ratings/
SC Bastia,1.5,https://www.fifagamenews.com/fc-26-team-star-ratings/
SC Freiburg,4.0,https://www.fifagamenews.com/fc-26-team-star-ratings/
SC Freiburg (W),3.5,https://www.fifagamenews.com/fc-26-team-star-ratings/
SC Heerenveen,2.5,https://www.fifagamenews.com/fc-26-team-star-ratings/
SC Paderborn,2.5,https://www.fifagamenews.com/fc-26-team-star-ratings/
SC Verl,1.5,https://www.fifagamenews.com/fc-26-team-star-ratings/
SCR Altach,2.0,https://www.fifagamenews.com/fc-26-team-star-ratings/
SD Eibar (W),2.5,https://www.fifagamenews.com/fc-26-team-star-ratings/
Seattle Reign (W),4.0,https://www.fifagamenews.com/fc-26-team-star-ratings/
Seattle Sounders FC,3.5,https://www.fifagamenews.com/fc-26-team-star-ratings/
Servette FC,3.0,https://www.fifagamenews.com/fc-26-team-star-ratings/
Sevilla,4.0,https://www.fifagamenews.com/fc-26-team-star-ratings/
Sevilla (W),3.5,https://www.fifagamenews.com/fc-26-team-star-ratings/
Shamrock Rovers,1.0,https://www.fifagamenews.com/fc-26-team-star-ratings/
Shandong Luneng Taishan,2.0,https://www.fifagamenews.com/fc-26-team-star-ratings/
Shanghai Greenland Shenhua,2.5,https://www.fifagamenews.com/fc-26-team-star-ratings/
Shanghai Port,2.5,https://www.fifagamenews.com/fc-26-team-star-ratings/
Sheffield United,3.5,https://www.fifagamenews.com/fc-26-team-star-ratings/
Sheffield Wednesday,2.0,https://www.fifagamenews.com/fc-26-team-star-ratings/
Shelbourne,1.0,https://www.fifagamenews.com/fc-26-team-star-ratings/
Shenzhen Peng City,1.0,https://www.fifagamenews.com/fc-26-team-star-ratings/
Shrewsbury Town,1.5,https://www.fifagamenews.com/fc-26-team-star-ratings/
Silkeborg IF,2.5,https://www.fifagamenews.com/fc-26-team-star-ratings/
Sint-Truiden,2.5,https://www.fifagamenews.com/fc-26-team-star-ratings/
SK Brann,2.5,https://www.fifagamenews.com/fc-26-team-star-ratings/
SK Rapid Wien,3.0,https://www.fifagamenews.com/fc-26-team-star-ratings/
SK Sturm Graz,3.0,https://www.fifagamenews.com/fc-26-team-star-ratings/
SL Benfica,4.0,https://www.fifagamenews.com/fc-26-team-star-ratings/
Sligo Rovers,0.5,https://www.fifagamenews.com/fc-26-team-star-ratings/
Southampton,3.5,https://www.fifagamenews.com/fc-26-team-star-ratings/
Sparta Rotterdam,2.5,https://www.fifagamenews.com/fc-26-team-star-ratings/
Spezia,3.0,https://www.fifagamenews.com/fc-26-team-star-ratings/
Sporting,4.5,https://www.fifagamenews.com/fc-26-team-star-ratings/
Sporting de Braga,4.0,https://www.fifagamenews.com/fc-26-team-star-ratings/
Sporting de Gijón,3.0,https://www.fifagamenews.com/fc-26-team-star-ratings/
Sporting Kansas City,3.0,https://www.fifagamenews.com/fc-26-team-star-ratings/
SS Juve Stabia,2.0,https://www.fifagamenews.com/fc-26-team-star-ratings/
SSV Ulm,1.5,https://www.fifagamenews.com/fc-26-team-star-ratings/
St Louis City FC,3.0,https://www.fifagamenews.com/fc-26-team-star-ratings/
St Mirren,1.5,https://www.fifagamenews.com/fc-26-team-star-ratings/
St Patrick’s Athletic,1.0,https://www.fifagamenews.com/fc-26-team-star-ratings/
Stade Brestois 29,3.5,https://www.fifagamenews.com/fc-26-team-star-ratings/
Stade de Reims,3.5,https://www.fifagamenews.com/fc-26-team-star-ratings/
Stade Rennais FC,4.0,https://www.fifagamenews.com/fc-26-team-star-ratings/
Standard Liège,3.0,https://www.fifagamenews.com/fc-26-team-star-ratings/
Stevenage,1.5,https://www.fifagamenews.com/fc-26-team-star-ratings/
Stockport County,2.0,https://www.fifagamenews.com/fc-26-team-star-ratings/
Stoke City,3.0,https://www.fifagamenews.com/fc-26-team-star-ratings/
Strømsgodset,2.0,https://www.fifagamenews.com/fc-26-team-star-ratings/
Südtirol,2.5,https://www.fifagamenews.com/fc-26-team-star-ratings/
Sunderland,3.5,https://www.fifagamenews.com/fc-26-team-star-ratings/
Suwon FC,2.0,https://www.fifagamenews.com/fc-26-team-star-ratings/
SV Elversberg,2.5,https://www.fifagamenews.com/fc-26-team-star-ratings/
SV Ried,1.5,https://www.fifagamenews.com/fc-26-team-star-ratings/
SV Waldhof Mannheim,1.5,https://www.fifagamenews.com/fc-26-team-star-ratings/
SV Werder Bremen,4.0,https://www.fifagamenews.com/fc-26-team-star-ratings/
SV Werder Bremen (W),3.5,https://www.fifagamenews.com/fc-26-team-star-ratings/
Swansea City,3.0,https://www.fifagamenews.com/fc-26-team-star-ratings/
Swindon Town,1.0,https://www.fifagamenews.com/fc-26-team-star-ratings/
Sydney FC,1.0,https://www.fifagamenews.com/fc-26-team-star-ratings/
SønderjyskE Fodbold,1.5,https://www.fifagamenews.com/fc-26-team-star-ratings/
Talleres,3.5,https://www.fifagamenews.com/fc-26-team-star-ratings/
Telstar,1.5,https://www.fifagamenews.com/fc-26-team-star-ratings/
Thun,1.5,https://www.fifagamenews.com/fc-26-team-star-ratings/
Tianjin TEDA,1.5,https://www.fifagamenews.com/fc-26-team-star-ratings/
Tigre,2.5,https://www.fifagamenews.com/fc-26-team-star-ratings/
Tondela,2.5,https://www.fifagamenews.com/fc-26-team-star-ratings/
Torino,4.0,https://www.fifagamenews.com/fc-26-team-star-ratings/
Toronto FC,2.5,https://www.fifagamenews.com/fc-26-team-star-ratings/
Tottenham,4.5,https://www.fifagamenews.com/fc-26-team-star-ratings/
Tottenham (W),4.0,https://www.fifagamenews.com/fc-26-team-star-ratings/
Toulouse FC,3.5,https://www.fifagamenews.com/fc-26-team-star-ratings/
Trabzonspor,3.5,https://www.fifagamenews.com/fc-26-team-star-ratings/
Tranmere Rovers,1.0,https://www.fifagamenews.com/fc-26-team-star-ratings/
Tromsø,2.0,https://www.fifagamenews.com/fc-26-team-star-ratings/
Troyes,2.0,https://www.fifagamenews.com/fc-26-team-star-ratings/
TSG Hoffenheim II,1.0,https://www.fifagamenews.com/fc-26-team-star-ratings/
TSV 1860 Munchen,2.0,https://www.fifagamenews.com/fc-26-team-star-ratings/
TSV Hartberg,1.5,https://www.fifagamenews.com/fc-26-team-star-ratings/
TSV Havelse,1.0,https://www.fifagamenews.com/fc-26-team-star-ratings/
Twente,3.5,https://www.fifagamenews.com/fc-26-team-star-ratings/
UD Tenerife (W),3.5,https://www.fifagamenews.com/fc-26-team-star-ratings/
Udinese,3.5,https://www.fifagamenews.com/fc-26-team-star-ratings/
Ulsan Hyundai,3.0,https://www.fifagamenews.com/fc-26-team-star-ratings/
Unión,3.0,https://www.fifagamenews.com/fc-26-team-star-ratings/
Union Berlin,3.5,https://www.fifagamenews.com/fc-26-team-star-ratings/
Union Berlin (W),3.5,https://www.fifagamenews.com/fc-26-team-star-ratings/
Union SG,3.5,https://www.fifagamenews.com/fc-26-team-star-ratings/
Unirea Slobozia,1.5,https://www.fifagamenews.com/fc-26-team-star-ratings/
United Tigers,0.5,https://www.fifagamenews.com/fc-26-team-star-ratings/
Universitatea Cluj,2.5,https://www.fifagamenews.com/fc-26-team-star-ratings/
Universitatea Craiova,2.5,https://www.fifagamenews.com/fc-26-team-star-ratings/
USL Dunkerque,2.0,https://www.fifagamenews.com/fc-26-team-star-ratings/
UTA Arad,2.0,https://www.fifagamenews.com/fc-26-team-star-ratings/
Utah Royals (W),4.0,https://www.fifagamenews.com/fc-26-team-star-ratings/
Valencia,4.0,https://www.fifagamenews.com/fc-26-team-star-ratings/
Vålerenga,2.0,https://www.fifagamenews.com/fc-26-team-star-ratings/
Valladolid,3.0,https://www.fifagamenews.com/fc-26-team-star-ratings/
Vancouver Whitecaps FC,3.0,https://www.fifagamenews.com/fc-26-team-star-ratings/
Vejle Boldklub,1.5,https://www.fifagamenews.com/fc-26-team-star-ratings/
Vélez Sarsfield,3.5,https://www.fifagamenews.com/fc-26-team-star-ratings/
Venezia,3.5,https://www.fifagamenews.com/fc-26-team-star-ratings/
VfB Stuttgart,4.0,https://www.fifagamenews.com/fc-26-team-star-ratings/
VfB Stuttgart II,1.0,https://www.fifagamenews.com/fc-26-team-star-ratings/
VfL Bochum,3.5,https://www.fifagamenews.com/fc-26-team-star-ratings/
VfL Osnabrück,2.0,https://www.fifagamenews.com/fc-26-team-star-ratings/
VfL Wolfsburg,4.0,https://www.fifagamenews.com/fc-26-team-star-ratings/
VfL Wolfsburg (W),4.5,https://www.fifagamenews.com/fc-26-team-star-ratings/
Viborg FF,2.0,https://www.fifagamenews.com/fc-26-team-star-ratings/
Viking,2.5,https://www.fifagamenews.com/fc-26-team-star-ratings/
Villareal,4.0,https://www.fifagamenews.com/fc-26-team-star-ratings/
Virtus Entella,2.0,https://www.fifagamenews.com/fc-26-team-star-ratings/
Vitória de Guimarães,3.5,https://www.fifagamenews.com/fc-26-team-star-ratings/
Walsall,1.0,https://www.fifagamenews.com/fc-26-team-star-ratings/
Washington Spirit (W),4.0,https://www.fifagamenews.com/fc-26-team-star-ratings/
Waterford,0.5,https://www.fifagamenews.com/fc-26-team-star-ratings/
Watford,3.0,https://www.fifagamenews.com/fc-26-team-star-ratings/
Wehen Wiesbaden,2.0,https://www.fifagamenews.com/fc-26-team-star-ratings/
Wellington Phoenix,1.0,https://www.fifagamenews.com/fc-26-team-star-ratings/
West Bromwich Albion,3.0,https://www.fifagamenews.com/fc-26-team-star-ratings/
West Ham,4.0,https://www.fifagamenews.com/fc-26-team-star-ratings/
West Ham (W),4.0,https://www.fifagamenews.com/fc-26-team-star-ratings/
Western United,1.0,https://www.fifagamenews.com/fc-26-team-star-ratings/
Widzew Łódź,2.5,https://www.fifagamenews.com/fc-26-team-star-ratings/
Wigan Athletic,2.0,https://www.fifagamenews.com/fc-26-team-star-ratings/
Wisła Płock,1.5,https://www.fifagamenews.com/fc-26-team-star-ratings/
Wolfsberger AC,2.5,https://www.fifagamenews.com/fc-26-team-star-ratings/
Wolverhampton,4.0,https://www.fifagamenews.com/fc-26-team-star-ratings/
Wrexham,3.0,https://www.fifagamenews.com/fc-26-team-star-ratings/
WS Wanderers,1.5,https://www.fifagamenews.com/fc-26-team-star-ratings/
WSG Tirol,1.5,https://www.fifagamenews.com/fc-26-team-star-ratings/
Wuhan 3 Towns,1.5,https://www.fifagamenews.com/fc-26-team-star-ratings/
Wycombe Wanderers,2.0,https://www.fifagamenews.com/fc-26-team-star-ratings/
Yunnan Yukun,1.5,https://www.fifagamenews.com/fc-26-team-star-ratings/
Zagłębie Lubin,2.0,https://www.fifagamenews.com/fc-26-team-star-ratings/
Zaragoza,3.0,https://www.fifagamenews.com/fc-26-team-star-ratings/
Zhejiang Pro,1.5,https://www.fifagamenews.com/fc-26-team-star-ratings/
Zulte Waregem,2.0,https://www.fifagamenews.com/fc-26-team-star-ratings/
